{"cameraMode":{"drawMode":0,"name":"Shaded","section":"Shading Mode"},"sceneLighting":false,"audioPlay":false,"sceneViewState":{"showFog":true,"showMaterialUpdate":false,"showSkybox":false,"showFlares":true,"showImageEffects":true,"showParticleSystems":true},"in2DMode":false,"pivot":{"x":0.3043949604034424,"y":4.673274993896484,"z":0.0},"rotation":{"x":-0.021297818049788476,"y":-0.03089052438735962,"z":0.0006584739312529564,"w":-0.9992991089820862},"size":28.71133804321289,"orthographic":false}