{"cameraMode":{"drawMode":0,"name":"Shaded","section":"Shading Mode"},"sceneLighting":false,"audioPlay":false,"sceneViewState":{"showFog":true,"showMaterialUpdate":false,"showSkybox":false,"showFlares":true,"showImageEffects":true,"showParticleSystems":true},"in2DMode":false,"pivot":{"x":1.0887969732284547,"y":0.9233963489532471,"z":-0.8847614526748657},"rotation":{"x":-0.13254283368587495,"y":-0.7413822412490845,"z":0.15361471474170686,"w":-0.6396846175193787},"size":1.8062098026275635,"orthographic":false}