{"cameraMode":{"drawMode":0,"name":"Shaded","section":"Shading Mode"},"sceneLighting":true,"audioPlay":false,"sceneViewState":{"showFog":true,"showMaterialUpdate":false,"showSkybox":true,"showFlares":true,"showImageEffects":true,"showParticleSystems":true},"in2DMode":false,"pivot":{"x":3.3380937576293947,"y":1.1710989475250245,"z":13.98786735534668},"rotation":{"x":0.15335050225257874,"y":-0.21600431203842164,"z":0.034373264759778979,"w":0.9636626243591309},"size":10.0,"orthographic":false}